edt_mean,sedt_mean,sedtP_mean,sedtGPU_mean,cdt_mean,edt_std,sedt_std,sedtP_std,sedtGPU_std,cdt_std
393.84980830670924,629.5099492385787,12606.85,214802.87,45.77398587285571,1448.7379042157015,1599.7739924689313,36137.61363194342,310137.9436882481,8.594539817774754
